"word","n","writer"
"ready",29,"Amy Keating Rogers"
"bad",21,"Amy Keating Rogers"
"amazing",19,"Amy Keating Rogers"
"fine",19,"Amy Keating Rogers"
"special",17,"Amy Keating Rogers"
"nice",16,"Amy Keating Rogers"
"lovely",15,"Amy Keating Rogers"
"wrong",14,"Amy Keating Rogers"
"extra",13,"Amy Keating Rogers"
"real",10,"Amy Keating Rogers"
"super",10,"Amy Keating Rogers"
"true",10,"Amy Keating Rogers"
"awful",9,"Amy Keating Rogers"
"beautiful",9,"Amy Keating Rogers"
"favorite",9,"Amy Keating Rogers"
"happy",9,"Amy Keating Rogers"
"hard",9,"Amy Keating Rogers"
"terrible",9,"Amy Keating Rogers"
"awesome",8,"Amy Keating Rogers"
"busy",8,"Amy Keating Rogers"
"male",8,"Amy Keating Rogers"
"perfect",8,"Amy Keating Rogers"
"biggest",7,"Amy Keating Rogers"
"blue",7,"Amy Keating Rogers"
"delicious",7,"Amy Keating Rogers"
"ridiculous",7,"Amy Keating Rogers"
"safe",7,"Amy Keating Rogers"
"annual",6,"Amy Keating Rogers"
"deep",6,"Amy Keating Rogers"
"golden",6,"Amy Keating Rogers"
"grand",6,"Amy Keating Rogers"
"quick",6,"Amy Keating Rogers"
"silly",6,"Amy Keating Rogers"
"entire",5,"Amy Keating Rogers"
"final",5,"Amy Keating Rogers"
"fluttershy",5,"Amy Keating Rogers"
"hungry",5,"Amy Keating Rogers"
"jealous",5,"Amy Keating Rogers"
"lucky",5,"Amy Keating Rogers"
"sad",5,"Amy Keating Rogers"
"spectacular",5,"Amy Keating Rogers"
"abysmal",4,"Amy Keating Rogers"
"afraid",4,"Amy Keating Rogers"
"creepy",4,"Amy Keating Rogers"
"desperate",4,"Amy Keating Rogers"
"dumb",4,"Amy Keating Rogers"
"easy",4,"Amy Keating Rogers"
"famous",4,"Amy Keating Rogers"
"fancy",4,"Amy Keating Rogers"
"fantastic",4,"Amy Keating Rogers"
"funny",4,"Amy Keating Rogers"
"glad",4,"Amy Keating Rogers"
"horrible",4,"Amy Keating Rogers"
"lousy",4,"Amy Keating Rogers"
"mighty",4,"Amy Keating Rogers"
"musical",4,"Amy Keating Rogers"
"mysterious",4,"Amy Keating Rogers"
"nervous",4,"Amy Keating Rogers"
"official",4,"Amy Keating Rogers"
"royal",4,"Amy Keating Rogers"
"sour",4,"Amy Keating Rogers"
"sweet",4,"Amy Keating Rogers"
"tasty",4,"Amy Keating Rogers"
"weird",4,"Amy Keating Rogers"
"wonderful",4,"Amy Keating Rogers"
"happy",23,"M. A. Larson"
"bad",21,"M. A. Larson"
"true",18,"M. A. Larson"
"sonic",15,"M. A. Larson"
"beautiful",12,"M. A. Larson"
"future",12,"M. A. Larson"
"nice",11,"M. A. Larson"
"magic",10,"M. A. Larson"
"powerful",10,"M. A. Larson"
"ready",10,"M. A. Larson"
"special",10,"M. A. Larson"
"wrong",10,"M. A. Larson"
"amazing",9,"M. A. Larson"
"entire",9,"M. A. Larson"
"afraid",8,"M. A. Larson"
"awful",8,"M. A. Larson"
"funny",8,"M. A. Larson"
"proud",8,"M. A. Larson"
"fluttershy",7,"M. A. Larson"
"incredible",7,"M. A. Larson"
"wonderful",7,"M. A. Larson"
"cool",6,"M. A. Larson"
"fine",6,"M. A. Larson"
"free",6,"M. A. Larson"
"glad",6,"M. A. Larson"
"hard",6,"M. A. Larson"
"perfect",6,"M. A. Larson"
"real",6,"M. A. Larson"
"sweet",6,"M. A. Larson"
"unique",6,"M. A. Larson"
"dangerous",5,"M. A. Larson"
"dark",5,"M. A. Larson"
"horrible",5,"M. A. Larson"
"hungry",5,"M. A. Larson"
"late",5,"M. A. Larson"
"lovely",5,"M. A. Larson"
"normal",5,"M. A. Larson"
"pleasant",5,"M. A. Larson"
"royal",5,"M. A. Larson"
"strange",5,"M. A. Larson"
"total",5,"M. A. Larson"
"worth",5,"M. A. Larson"
"<u+0096>",4,"M. A. Larson"
"awesome",4,"M. A. Larson"
"bigger",4,"M. A. Larson"
"boring",4,"M. A. Larson"
"delicious",4,"M. A. Larson"
"easy",4,"M. A. Larson"
"eternal",4,"M. A. Larson"
"evil",4,"M. A. Larson"
"flameless",4,"M. A. Larson"
"impossible",4,"M. A. Larson"
"lucky",4,"M. A. Larson"
"magical",4,"M. A. Larson"
"thy",4,"M. A. Larson"
"worst",4,"M. A. Larson"
"special",35,"Meghan McCarthy"
"perfect",29,"Meghan McCarthy"
"ready",26,"Meghan McCarthy"
"amazing",24,"Meghan McCarthy"
"afraid",22,"Meghan McCarthy"
"bad",22,"Meghan McCarthy"
"fine",21,"Meghan McCarthy"
"real",20,"Meghan McCarthy"
"glad",19,"Meghan McCarthy"
"happy",19,"Meghan McCarthy"
"nice",17,"Meghan McCarthy"
"sick",17,"Meghan McCarthy"
"wonderful",17,"Meghan McCarthy"
"wrong",17,"Meghan McCarthy"
"awesome",15,"Meghan McCarthy"
"funny",15,"Meghan McCarthy"
"lovely",15,"Meghan McCarthy"
"terrible",15,"Meghan McCarthy"
"awful",14,"Meghan McCarthy"
"hard",14,"Meghan McCarthy"
"favorite",13,"Meghan McCarthy"
"magic",13,"Meghan McCarthy"
"strong",12,"Meghan McCarthy"
"true",12,"Meghan McCarthy"
"beautiful",11,"Meghan McCarthy"
"busy",11,"Meghan McCarthy"
"sweet",11,"Meghan McCarthy"
"fluttershy",10,"Meghan McCarthy"
"lucky",10,"Meghan McCarthy"
"royal",10,"Meghan McCarthy"
"strange",10,"Meghan McCarthy"
"fabulous",9,"Meghan McCarthy"
"super",9,"Meghan McCarthy"
"worst",9,"Meghan McCarthy"
"creative",8,"Meghan McCarthy"
"easy",8,"Meghan McCarthy"
"impossible",8,"Meghan McCarthy"
"powerful",8,"Meghan McCarthy"
"quiet",8,"Meghan McCarthy"
"<u+0096>",7,"Meghan McCarthy"
"crazy",7,"Meghan McCarthy"
"crystal",7,"Meghan McCarthy"
"entire",7,"Meghan McCarthy"
"magical",7,"Meghan McCarthy"
"nervous",7,"Meghan McCarthy"
"rude",7,"Meghan McCarthy"
"dark",6,"Meghan McCarthy"
"dear",6,"Meghan McCarthy"
"difficult",6,"Meghan McCarthy"
"famous",6,"Meghan McCarthy"
"free",6,"Meghan McCarthy"
"honest",6,"Meghan McCarthy"
"huge",6,"Meghan McCarthy"
"incredible",6,"Meghan McCarthy"
"proud",6,"Meghan McCarthy"
"ridiculous",6,"Meghan McCarthy"
"unique",6,"Meghan McCarthy"
"real",36,"Josh Haber"
"powerful",30,"Josh Haber"
"glad",29,"Josh Haber"
"magical",26,"Josh Haber"
"wrong",26,"Josh Haber"
"magic",25,"Josh Haber"
"ready",25,"Josh Haber"
"perfect",23,"Josh Haber"
"amazing",22,"Josh Haber"
"hard",20,"Josh Haber"
"true",19,"Josh Haber"
"bad",18,"Josh Haber"
"nice",18,"Josh Haber"
"ancient",17,"Josh Haber"
"afraid",16,"Josh Haber"
"fine",16,"Josh Haber"
"awesome",15,"Josh Haber"
"busy",15,"Josh Haber"
"common",15,"Josh Haber"
"worse",14,"Josh Haber"
"easy",13,"Josh Haber"
"happy",13,"Josh Haber"
"wonderful",13,"Josh Haber"
"dark",12,"Josh Haber"
"<u+0096>",11,"Josh Haber"
"safe",11,"Josh Haber"
"special",11,"Josh Haber"
"terrible",11,"Josh Haber"
"ridiculous",10,"Josh Haber"
"simple",10,"Josh Haber"
"beautiful",9,"Josh Haber"
"impossible",9,"Josh Haber"
"lovely",9,"Josh Haber"
"lucky",9,"Josh Haber"
"strange",9,"Josh Haber"
"awful",8,"Josh Haber"
"cool",8,"Josh Haber"
"funny",8,"Josh Haber"
"tonic",8,"Josh Haber"
"crazy",7,"Josh Haber"
"daring",7,"Josh Haber"
"evil",7,"Josh Haber"
"giant",7,"Josh Haber"
"late",7,"Josh Haber"
"normal",7,"Josh Haber"
"secret",7,"Josh Haber"
"worth",7,"Josh Haber"
"free",6,"Josh Haber"
"legendary",6,"Josh Haber"
"silly",6,"Josh Haber"
"stygian",6,"Josh Haber"
"bad",15,"Cindy Morrow"
"ready",15,"Cindy Morrow"
"awesome",13,"Cindy Morrow"
"hard",11,"Cindy Morrow"
"poor",11,"Cindy Morrow"
"amazing",9,"Cindy Morrow"
"perfect",9,"Cindy Morrow"
"sweet",9,"Cindy Morrow"
"zap",9,"Cindy Morrow"
"cool",8,"Cindy Morrow"
"favorite",8,"Cindy Morrow"
"fine",8,"Cindy Morrow"
"hot",8,"Cindy Morrow"
"special",8,"Cindy Morrow"
"fluttershy",7,"Cindy Morrow"
"sick",7,"Cindy Morrow"
"dirty",6,"Cindy Morrow"
"glad",6,"Cindy Morrow"
"jealous",6,"Cindy Morrow"
"real",6,"Cindy Morrow"
"silly",6,"Cindy Morrow"
"wonderful",6,"Cindy Morrow"
"blank",5,"Cindy Morrow"
"cold",5,"Cindy Morrow"
"happy",5,"Cindy Morrow"
"magic",5,"Cindy Morrow"
"super",5,"Cindy Morrow"
"wrong",5,"Cindy Morrow"
"blue",4,"Cindy Morrow"
"cute",4,"Cindy Morrow"
"deep",4,"Cindy Morrow"
"easy",4,"Cindy Morrow"
"lame",4,"Cindy Morrow"
"ridiculous",4,"Cindy Morrow"
"safe",4,"Cindy Morrow"
"smart",4,"Cindy Morrow"
"upset",4,"Cindy Morrow"
"bigger",3,"Cindy Morrow"
"busy",3,"Cindy Morrow"
"dark",3,"Cindy Morrow"
"desperate",3,"Cindy Morrow"
"dramatic",3,"Cindy Morrow"
"extra",3,"Cindy Morrow"
"fresh",3,"Cindy Morrow"
"funny",3,"Cindy Morrow"
"hoof",3,"Cindy Morrow"
"lazy",3,"Cindy Morrow"
"lucky",3,"Cindy Morrow"
"natural",3,"Cindy Morrow"
"nervous",3,"Cindy Morrow"
"nice",3,"Cindy Morrow"
"ouch",3,"Cindy Morrow"
"owlowiscious",3,"Cindy Morrow"
"quick",3,"Cindy Morrow"
"strong",3,"Cindy Morrow"
"terrible",3,"Cindy Morrow"
"true",3,"Cindy Morrow"
"wooden",3,"Cindy Morrow"
"worried",3,"Cindy Morrow"
"bad",27,"Dave Polsky"
"real",27,"Dave Polsky"
"amazing",23,"Dave Polsky"
"awesome",23,"Dave Polsky"
"ready",22,"Dave Polsky"
"fine",18,"Dave Polsky"
"glad",16,"Dave Polsky"
"nice",16,"Dave Polsky"
"wrong",16,"Dave Polsky"
"true",15,"Dave Polsky"
"hard",12,"Dave Polsky"
"extra",10,"Dave Polsky"
"perfect",10,"Dave Polsky"
"wide",10,"Dave Polsky"
"cool",9,"Dave Polsky"
"late",9,"Dave Polsky"
"afraid",8,"Dave Polsky"
"busy",8,"Dave Polsky"
"entire",8,"Dave Polsky"
"favorite",8,"Dave Polsky"
"special",8,"Dave Polsky"
"terrible",8,"Dave Polsky"
"wonderful",8,"Dave Polsky"
"excited",7,"Dave Polsky"
"safe",7,"Dave Polsky"
"fluttershy",6,"Dave Polsky"
"huge",6,"Dave Polsky"
"lucky",6,"Dave Polsky"
"adorable",5,"Dave Polsky"
"dark",5,"Dave Polsky"
"fabulous",5,"Dave Polsky"
"poor",5,"Dave Polsky"
"proud",5,"Dave Polsky"
"quick",5,"Dave Polsky"
"ridiculous",5,"Dave Polsky"
"tough",5,"Dave Polsky"
"awful",4,"Dave Polsky"
"beautiful",4,"Dave Polsky"
"dangerous",4,"Dave Polsky"
"evil",4,"Dave Polsky"
"exciting",4,"Dave Polsky"
"finest",4,"Dave Polsky"
"free",4,"Dave Polsky"
"funny",4,"Dave Polsky"
"happy",4,"Dave Polsky"
"hot",4,"Dave Polsky"
"magic",4,"Dave Polsky"
"noble",4,"Dave Polsky"
"original",4,"Dave Polsky"
"pal",4,"Dave Polsky"
"red",4,"Dave Polsky"
"scary",4,"Dave Polsky"
"simple",4,"Dave Polsky"
"super",4,"Dave Polsky"
"worse",4,"Dave Polsky"
"worst",4,"Dave Polsky"
"happy",26,"Nick Confalone"
"perfect",21,"Nick Confalone"
"real",12,"Nick Confalone"
"powerful",11,"Nick Confalone"
"bad",10,"Nick Confalone"
"cool",10,"Nick Confalone"
"ready",10,"Nick Confalone"
"wrong",10,"Nick Confalone"
"funny",8,"Nick Confalone"
"lucky",8,"Nick Confalone"
"amazing",7,"Nick Confalone"
"busy",7,"Nick Confalone"
"favorite",7,"Nick Confalone"
"sweet",7,"Nick Confalone"
"beautiful",6,"Nick Confalone"
"dangerous",6,"Nick Confalone"
"evil",6,"Nick Confalone"
"fine",6,"Nick Confalone"
"hard",6,"Nick Confalone"
"mad",6,"Nick Confalone"
"magic",6,"Nick Confalone"
"nice",6,"Nick Confalone"
"quick",6,"Nick Confalone"
"special",6,"Nick Confalone"
"weird",6,"Nick Confalone"
"afraid",5,"Nick Confalone"
"blue",5,"Nick Confalone"
"common",5,"Nick Confalone"
"easy",5,"Nick Confalone"
"entire",5,"Nick Confalone"
"glad",5,"Nick Confalone"
"jealous",5,"Nick Confalone"
"nervous",5,"Nick Confalone"
"awful",4,"Nick Confalone"
"exciting",4,"Nick Confalone"
"late",4,"Nick Confalone"
"red",4,"Nick Confalone"
"super",4,"Nick Confalone"
"traditional",4,"Nick Confalone"
"true",4,"Nick Confalone"
"awesome",3,"Nick Confalone"
"black",3,"Nick Confalone"
"grand",3,"Nick Confalone"
"gritted",3,"Nick Confalone"
"hungry",3,"Nick Confalone"
"intelligent",3,"Nick Confalone"
"lovely",3,"Nick Confalone"
"romantic",3,"Nick Confalone"
"safe",3,"Nick Confalone"
"silly",3,"Nick Confalone"
"yak",3,"Nick Confalone"
"fine",21,"Michael Vogel"
"bad",16,"Michael Vogel"
"true",15,"Michael Vogel"
"perfect",14,"Michael Vogel"
"ready",14,"Michael Vogel"
"real",14,"Michael Vogel"
"wrong",13,"Michael Vogel"
"nice",12,"Michael Vogel"
"fastest",11,"Michael Vogel"
"traditional",11,"Michael Vogel"
"amazing",10,"Michael Vogel"
"awesome",10,"Michael Vogel"
"special",10,"Michael Vogel"
"creative",9,"Michael Vogel"
"loudspeaker",9,"Michael Vogel"
"powerful",9,"Michael Vogel"
"strange",9,"Michael Vogel"
"cool",8,"Michael Vogel"
"fluttershy",8,"Michael Vogel"
"unique",8,"Michael Vogel"
"hard",6,"Michael Vogel"
"lame",6,"Michael Vogel"
"mad",6,"Michael Vogel"
"worse",6,"Michael Vogel"
"<u+0096>",5,"Michael Vogel"
"afraid",5,"Michael Vogel"
"bigger",5,"Michael Vogel"
"crazy",5,"Michael Vogel"
"evil",5,"Michael Vogel"
"exact",5,"Michael Vogel"
"glad",5,"Michael Vogel"
"honest",5,"Michael Vogel"
"pink",5,"Michael Vogel"
"proud",5,"Michael Vogel"
"quiet",5,"Michael Vogel"
"ridiculous",5,"Michael Vogel"
"safe",5,"Michael Vogel"
"silly",5,"Michael Vogel"
"super",5,"Michael Vogel"
"sweet",5,"Michael Vogel"
"terrible",5,"Michael Vogel"
"wonderful",5,"Michael Vogel"
"adorable",4,"Michael Vogel"
"beautiful",4,"Michael Vogel"
"biggest",4,"Michael Vogel"
"busy",4,"Michael Vogel"
"darling",4,"Michael Vogel"
"entertaining",4,"Michael Vogel"
"lovely",4,"Michael Vogel"
"original",4,"Michael Vogel"
"quick",4,"Michael Vogel"
"secret",4,"Michael Vogel"
"specific",4,"Michael Vogel"
"to<u+0097>",4,"Michael Vogel"
"upset",4,"Michael Vogel"
"weird",4,"Michael Vogel"
"worst",4,"Michael Vogel"
"fine",10,"Charlotte Fullerton"
"happy",8,"Charlotte Fullerton"
"fluttershy",7,"Charlotte Fullerton"
"responsible",7,"Charlotte Fullerton"
"cool",6,"Charlotte Fullerton"
"cooler",6,"Charlotte Fullerton"
"perfect",6,"Charlotte Fullerton"
"poor",6,"Charlotte Fullerton"
"ready",6,"Charlotte Fullerton"
"awesome",5,"Charlotte Fullerton"
"bigger",5,"Charlotte Fullerton"
"afraid",4,"Charlotte Fullerton"
"amazing",4,"Charlotte Fullerton"
"beautiful",4,"Charlotte Fullerton"
"easy",4,"Charlotte Fullerton"
"hard",4,"Charlotte Fullerton"
"hungry",4,"Charlotte Fullerton"
"late",4,"Charlotte Fullerton"
"nice",4,"Charlotte Fullerton"
"speedy",4,"Charlotte Fullerton"
"tough",4,"Charlotte Fullerton"
"wonderful",4,"Charlotte Fullerton"
"bad",3,"Charlotte Fullerton"
"delicious",3,"Charlotte Fullerton"
"glad",3,"Charlotte Fullerton"
"handsome",3,"Charlotte Fullerton"
"mad",3,"Charlotte Fullerton"
"magical",3,"Charlotte Fullerton"
"muddy",3,"Charlotte Fullerton"
"proud",3,"Charlotte Fullerton"
"quick",3,"Charlotte Fullerton"
"royal",3,"Charlotte Fullerton"
"true",3,"Charlotte Fullerton"
"agile",2,"Charlotte Fullerton"
"busy",2,"Charlotte Fullerton"
"careful",2,"Charlotte Fullerton"
"casual",2,"Charlotte Fullerton"
"comic",2,"Charlotte Fullerton"
"crazy",2,"Charlotte Fullerton"
"dreadful",2,"Charlotte Fullerton"
"dry",2,"Charlotte Fullerton"
"final",2,"Charlotte Fullerton"
"french",2,"Charlotte Fullerton"
"grateful",2,"Charlotte Fullerton"
"growl",2,"Charlotte Fullerton"
"healthy",2,"Charlotte Fullerton"
"honest",2,"Charlotte Fullerton"
"loose",2,"Charlotte Fullerton"
"outrageous",2,"Charlotte Fullerton"
"overdue",2,"Charlotte Fullerton"
"personal",2,"Charlotte Fullerton"
"plain",2,"Charlotte Fullerton"
"precious",2,"Charlotte Fullerton"
"real",2,"Charlotte Fullerton"
"satisfied",2,"Charlotte Fullerton"
"short",2,"Charlotte Fullerton"
"simple",2,"Charlotte Fullerton"
"special",2,"Charlotte Fullerton"
"strange",2,"Charlotte Fullerton"
"super",2,"Charlotte Fullerton"
"tight",2,"Charlotte Fullerton"
"ugliest",2,"Charlotte Fullerton"
"worse",2,"Charlotte Fullerton"
"wrong",2,"Charlotte Fullerton"
"wrong",8,"Gillian M. Berrow"
"awesome",7,"Gillian M. Berrow"
"bad",7,"Gillian M. Berrow"
"perfect",7,"Gillian M. Berrow"
"glad",6,"Gillian M. Berrow"
"special",6,"Gillian M. Berrow"
"true",6,"Gillian M. Berrow"
"amazing",5,"Gillian M. Berrow"
"fine",5,"Gillian M. Berrow"
"happy",5,"Gillian M. Berrow"
"nice",5,"Gillian M. Berrow"
"ready",5,"Gillian M. Berrow"
"super",5,"Gillian M. Berrow"
"wonderful",5,"Gillian M. Berrow"
"cool",4,"Gillian M. Berrow"
"entire",4,"Gillian M. Berrow"
"favorite",4,"Gillian M. Berrow"
"lovely",4,"Gillian M. Berrow"
"mad",4,"Gillian M. Berrow"
"magical",4,"Gillian M. Berrow"
"safe",4,"Gillian M. Berrow"
"secret",4,"Gillian M. Berrow"
"beautiful",3,"Gillian M. Berrow"
"cute",3,"Gillian M. Berrow"
"dangerous",3,"Gillian M. Berrow"
"exact",3,"Gillian M. Berrow"
"exciting",3,"Gillian M. Berrow"
"extra",3,"Gillian M. Berrow"
"free",3,"Gillian M. Berrow"
"green",3,"Gillian M. Berrow"
"hard",3,"Gillian M. Berrow"
"loud",3,"Gillian M. Berrow"
"real",3,"Gillian M. Berrow"
"worth",3,"Gillian M. Berrow"
"adorable",2,"Gillian M. Berrow"
"ancient",2,"Gillian M. Berrow"
"angry",2,"Gillian M. Berrow"
"backup",2,"Gillian M. Berrow"
"brown",2,"Gillian M. Berrow"
"bunny",2,"Gillian M. Berrow"
"careful",2,"Gillian M. Berrow"
"comfy",2,"Gillian M. Berrow"
"common",2,"Gillian M. Berrow"
"crummy",2,"Gillian M. Berrow"
"deep",2,"Gillian M. Berrow"
"evil",2,"Gillian M. Berrow"
"fastest",2,"Gillian M. Berrow"
"fluttershy",2,"Gillian M. Berrow"
"funny",2,"Gillian M. Berrow"
"gigantic",2,"Gillian M. Berrow"
"hoof",2,"Gillian M. Berrow"
"hot",2,"Gillian M. Berrow"
"natural",2,"Gillian M. Berrow"
"poor",2,"Gillian M. Berrow"
"precious",2,"Gillian M. Berrow"
"pretty",2,"Gillian M. Berrow"
"priceless",2,"Gillian M. Berrow"
"silly",2,"Gillian M. Berrow"
"soft",2,"Gillian M. Berrow"
"sparkly",2,"Gillian M. Berrow"
"sweet",2,"Gillian M. Berrow"
"tight",2,"Gillian M. Berrow"
"tiny",2,"Gillian M. Berrow"
"top",2,"Gillian M. Berrow"
"wild",2,"Gillian M. Berrow"
"worst",2,"Gillian M. Berrow"
"fluttershy",13,"Merriwether Williams"
"bad",8,"Merriwether Williams"
"ready",8,"Merriwether Williams"
"awesome",7,"Merriwether Williams"
"amazing",6,"Merriwether Williams"
"fine",5,"Merriwether Williams"
"hard",5,"Merriwether Williams"
"hungry",5,"Merriwether Williams"
"mysterious",5,"Merriwether Williams"
"nice",5,"Merriwether Williams"
"real",5,"Merriwether Williams"
"scary",5,"Merriwether Williams"
"wrong",5,"Merriwether Williams"
"heroic",4,"Merriwether Williams"
"late",4,"Merriwether Williams"
"noble",4,"Merriwether Williams"
"beautiful",3,"Merriwether Williams"
"close",3,"Merriwether Williams"
"dark",3,"Merriwether Williams"
"favorite",3,"Merriwether Williams"
"friendly",3,"Merriwether Williams"
"handsome",3,"Merriwether Williams"
"hot",3,"Merriwether Williams"
"huge",3,"Merriwether Williams"
"lucky",3,"Merriwether Williams"
"natural",3,"Merriwether Williams"
"nervous",3,"Merriwether Williams"
"special",3,"Merriwether Williams"
"strong",3,"Merriwether Williams"
"sweet",3,"Merriwether Williams"
"tough",3,"Merriwether Williams"
"true",3,"Merriwether Williams"
"unstoppable",3,"Merriwether Williams"
"<u+0096>",2,"Merriwether Williams"
"bigger",2,"Merriwether Williams"
"biggest",2,"Merriwether Williams"
"brave",2,"Merriwether Williams"
"busy",2,"Merriwether Williams"
"capable",2,"Merriwether Williams"
"complete",2,"Merriwether Williams"
"dangerous",2,"Merriwether Williams"
"dire",2,"Merriwether Williams"
"double",2,"Merriwether Williams"
"easy",2,"Merriwether Williams"
"ew",2,"Merriwether Williams"
"extra",2,"Merriwether Williams"
"extreme",2,"Merriwether Williams"
"fabulous",2,"Merriwether Williams"
"glad",2,"Merriwether Williams"
"happy",2,"Merriwether Williams"
"harder",2,"Merriwether Williams"
"icky",2,"Merriwether Williams"
"jealous",2,"Merriwether Williams"
"juicy",2,"Merriwether Williams"
"lead",2,"Merriwether Williams"
"normal",2,"Merriwether Williams"
"outrageous",2,"Merriwether Williams"
"overdue",2,"Merriwether Williams"
"perfect",2,"Merriwether Williams"
"personal",2,"Merriwether Williams"
"powerful",2,"Merriwether Williams"
"proud",2,"Merriwether Williams"
"red",2,"Merriwether Williams"
"safe",2,"Merriwether Williams"
"silly",2,"Merriwether Williams"
"simple",2,"Merriwether Williams"
"stronger",2,"Merriwether Williams"
"suspicious",2,"Merriwether Williams"
"vampire",2,"Merriwether Williams"
"wrong",7,"Josh Hamilton"
"glad",6,"Josh Hamilton"
"happy",6,"Josh Hamilton"
"worse",6,"Josh Hamilton"
"favorite",5,"Josh Hamilton"
"amazing",4,"Josh Hamilton"
"awesome",4,"Josh Hamilton"
"fluttershy",4,"Josh Hamilton"
"proud",4,"Josh Hamilton"
"rid",4,"Josh Hamilton"
"shiny",4,"Josh Hamilton"
"afraid",3,"Josh Hamilton"
"bold",3,"Josh Hamilton"
"delicious",3,"Josh Hamilton"
"fine",3,"Josh Hamilton"
"inspirational",3,"Josh Hamilton"
"perfect",3,"Josh Hamilton"
"real",3,"Josh Hamilton"
"ridiculous",3,"Josh Hamilton"
"specific",3,"Josh Hamilton"
"weird",3,"Josh Hamilton"
"wonderbolt",3,"Josh Hamilton"
"worth",3,"Josh Hamilton"
"bad",2,"Josh Hamilton"
"black",2,"Josh Hamilton"
"casual",2,"Josh Hamilton"
"cool",2,"Josh Hamilton"
"crazy",2,"Josh Hamilton"
"easy",2,"Josh Hamilton"
"embarrassed",2,"Josh Hamilton"
"entire",2,"Josh Hamilton"
"hard",2,"Josh Hamilton"
"honest",2,"Josh Hamilton"
"horrible",2,"Josh Hamilton"
"loud",2,"Josh Hamilton"
"loudspeaker",2,"Josh Hamilton"
"lucky",2,"Josh Hamilton"
"personal",2,"Josh Hamilton"
"purple",2,"Josh Hamilton"
"similar",2,"Josh Hamilton"
"special",2,"Josh Hamilton"
"sweet",2,"Josh Hamilton"
"terrible",2,"Josh Hamilton"
"thin",2,"Josh Hamilton"
"total",2,"Josh Hamilton"
"tough",2,"Josh Hamilton"
"unique",2,"Josh Hamilton"
"unofficial",2,"Josh Hamilton"
"unsure",2,"Josh Hamilton"
"worst",2,"Josh Hamilton"
"scary",11,"Natasha Levinger"
"funny",8,"Natasha Levinger"
"ready",8,"Natasha Levinger"
"fluttershy",7,"Natasha Levinger"
"perfect",7,"Natasha Levinger"
"strong",7,"Natasha Levinger"
"nice",5,"Natasha Levinger"
"special",5,"Natasha Levinger"
"tiny",5,"Natasha Levinger"
"afraid",4,"Natasha Levinger"
"fine",4,"Natasha Levinger"
"fourth",4,"Natasha Levinger"
"sweet",4,"Natasha Levinger"
"true",4,"Natasha Levinger"
"adorable",3,"Natasha Levinger"
"awful",3,"Natasha Levinger"
"gritted",3,"Natasha Levinger"
"magical",3,"Natasha Levinger"
"rare",3,"Natasha Levinger"
"super",3,"Natasha Levinger"
"wonderful",3,"Natasha Levinger"
"alive",2,"Natasha Levinger"
"amazing",2,"Natasha Levinger"
"awesome",2,"Natasha Levinger"
"bad",2,"Natasha Levinger"
"common",2,"Natasha Levinger"
"creative",2,"Natasha Levinger"
"cruel",2,"Natasha Levinger"
"cute",2,"Natasha Levinger"
"delicious",2,"Natasha Levinger"
"difficult",2,"Natasha Levinger"
"disappointed",2,"Natasha Levinger"
"easier",2,"Natasha Levinger"
"elder",2,"Natasha Levinger"
"exciting",2,"Natasha Levinger"
"fuzzy",2,"Natasha Levinger"
"glad",2,"Natasha Levinger"
"happy",2,"Natasha Levinger"
"hard",2,"Natasha Levinger"
"loud",2,"Natasha Levinger"
"proud",2,"Natasha Levinger"
"real",2,"Natasha Levinger"
"regular",2,"Natasha Levinger"
"rude",2,"Natasha Levinger"
"scariest",2,"Natasha Levinger"
"smudged",2,"Natasha Levinger"
"terrifying",2,"Natasha Levinger"
"wet",2,"Natasha Levinger"
"white",2,"Natasha Levinger"
"worse",2,"Natasha Levinger"
"wrong",2,"Natasha Levinger"
"bad",11,"Nicole Dubuc"
"wrong",11,"Nicole Dubuc"
"ready",10,"Nicole Dubuc"
"fine",8,"Nicole Dubuc"
"magical",8,"Nicole Dubuc"
"nice",8,"Nicole Dubuc"
"amazing",7,"Nicole Dubuc"
"magic",7,"Nicole Dubuc"
"glad",6,"Nicole Dubuc"
"hard",6,"Nicole Dubuc"
"legendary",6,"Nicole Dubuc"
"powerful",6,"Nicole Dubuc"
"real",6,"Nicole Dubuc"
"stygian",6,"Nicole Dubuc"
"true",6,"Nicole Dubuc"
"cool",5,"Nicole Dubuc"
"dark",5,"Nicole Dubuc"
"sad",5,"Nicole Dubuc"
"sweet",5,"Nicole Dubuc"
"<u+0096>",4,"Nicole Dubuc"
"awesome",4,"Nicole Dubuc"
"dangerous",4,"Nicole Dubuc"
"wonderful",4,"Nicole Dubuc"
"ancient",3,"Nicole Dubuc"
"bright",3,"Nicole Dubuc"
"cozy",3,"Nicole Dubuc"
"gibberish",3,"Nicole Dubuc"
"late",3,"Nicole Dubuc"
"lucky",3,"Nicole Dubuc"
"mad",3,"Nicole Dubuc"
"nasty",3,"Nicole Dubuc"
"official",3,"Nicole Dubuc"
"proud",3,"Nicole Dubuc"
"safe",3,"Nicole Dubuc"
"scary",3,"Nicole Dubuc"
"strong",3,"Nicole Dubuc"
"tough",3,"Nicole Dubuc"
"afraid",2,"Nicole Dubuc"
"awful",2,"Nicole Dubuc"
"boring",2,"Nicole Dubuc"
"busy",2,"Nicole Dubuc"
"cold",2,"Nicole Dubuc"
"evil",2,"Nicole Dubuc"
"final",2,"Nicole Dubuc"
"fond",2,"Nicole Dubuc"
"friendly",2,"Nicole Dubuc"
"grand",2,"Nicole Dubuc"
"grateful",2,"Nicole Dubuc"
"groan",2,"Nicole Dubuc"
"happy",2,"Nicole Dubuc"
"honest",2,"Nicole Dubuc"
"horrible",2,"Nicole Dubuc"
"hot",2,"Nicole Dubuc"
"perfect",2,"Nicole Dubuc"
"portal",2,"Nicole Dubuc"
"pretty",2,"Nicole Dubuc"
"quick",2,"Nicole Dubuc"
"safer",2,"Nicole Dubuc"
"similar",2,"Nicole Dubuc"
"special",2,"Nicole Dubuc"
"stronger",2,"Nicole Dubuc"
"terrible",2,"Nicole Dubuc"
"unexpected",2,"Nicole Dubuc"
"unicorn",2,"Nicole Dubuc"
"unpredictable",2,"Nicole Dubuc"
"upset",2,"Nicole Dubuc"
"wide",2,"Nicole Dubuc"
"worth",2,"Nicole Dubuc"
"nice",8,"Corey Powell"
"creative",7,"Corey Powell"
"fine",6,"Corey Powell"
"ready",6,"Corey Powell"
"bad",5,"Corey Powell"
"headless",5,"Corey Powell"
"afraid",4,"Corey Powell"
"beautiful",4,"Corey Powell"
"fair",4,"Corey Powell"
"lucky",4,"Corey Powell"
"real",4,"Corey Powell"
"supportive",4,"Corey Powell"
"awful",3,"Corey Powell"
"busy",3,"Corey Powell"
"cool",3,"Corey Powell"
"fabulous",3,"Corey Powell"
"favorite",3,"Corey Powell"
"gorgeous",3,"Corey Powell"
"marvelous",3,"Corey Powell"
"perfect",3,"Corey Powell"
"proud",3,"Corey Powell"
"raspberry",3,"Corey Powell"
"tough",3,"Corey Powell"
"warm",3,"Corey Powell"
"amazing",2,"Corey Powell"
"awesome",2,"Corey Powell"
"brilliant",2,"Corey Powell"
"brown",2,"Corey Powell"
"dark",2,"Corey Powell"
"delicious",2,"Corey Powell"
"easy",2,"Corey Powell"
"fearless",2,"Corey Powell"
"glad",2,"Corey Powell"
"happy",2,"Corey Powell"
"medic",2,"Corey Powell"
"pet",2,"Corey Powell"
"safe",2,"Corey Powell"
"terrible",2,"Corey Powell"
"true",2,"Corey Powell"
"unintelligible",2,"Corey Powell"
"worth",2,"Corey Powell"
"<u+0096>",1,"Corey Powell"
"airborne",1,"Corey Powell"
"architectural",1,"Corey Powell"
"beautifying",1,"Corey Powell"
"beloved",1,"Corey Powell"
"bright",1,"Corey Powell"
"calm",1,"Corey Powell"
"cheap",1,"Corey Powell"
"chilly",1,"Corey Powell"
"close",1,"Corey Powell"
"cold",1,"Corey Powell"
"colder",1,"Corey Powell"
"comfortable",1,"Corey Powell"
"complete",1,"Corey Powell"
"constant",1,"Corey Powell"
"content",1,"Corey Powell"
"cute",1,"Corey Powell"
"cutest",1,"Corey Powell"
"dear",1,"Corey Powell"
"delectable",1,"Corey Powell"
"desperate",1,"Corey Powell"
"diligent",1,"Corey Powell"
"disappointed",1,"Corey Powell"
"distraught",1,"Corey Powell"
"divine",1,"Corey Powell"
"empty",1,"Corey Powell"
"fluffy",1,"Corey Powell"
"free",1,"Corey Powell"
"fresh",1,"Corey Powell"
"fun",1,"Corey Powell"
"funny",1,"Corey Powell"
"fuzzy",1,"Corey Powell"
"glamor",1,"Corey Powell"
"got<u+0096>",1,"Corey Powell"
"hard",1,"Corey Powell"
"heavy",1,"Corey Powell"
"honest",1,"Corey Powell"
"horrible",1,"Corey Powell"
"huh",1,"Corey Powell"
"hungry",1,"Corey Powell"
"intense",1,"Corey Powell"
"is<u+0096>",1,"Corey Powell"
"juicy",1,"Corey Powell"
"late",1,"Corey Powell"
"left",1,"Corey Powell"
"loyal",1,"Corey Powell"
"magic",1,"Corey Powell"
"magic<u+0096>",1,"Corey Powell"
"major",1,"Corey Powell"
"medical",1,"Corey Powell"
"miserable",1,"Corey Powell"
"natural",1,"Corey Powell"
"nervous",1,"Corey Powell"
"nicest",1,"Corey Powell"
"past",1,"Corey Powell"
"personal",1,"Corey Powell"
"pink",1,"Corey Powell"
"poor",1,"Corey Powell"
"precious",1,"Corey Powell"
"pretty",1,"Corey Powell"
"proper",1,"Corey Powell"
"public",1,"Corey Powell"
"pure",1,"Corey Powell"
"quick",1,"Corey Powell"
"recent",1,"Corey Powell"
"regular",1,"Corey Powell"
"rusty",1,"Corey Powell"
"sad",1,"Corey Powell"
"scary",1,"Corey Powell"
"seamless",1,"Corey Powell"
"silken",1,"Corey Powell"
"silly",1,"Corey Powell"
"slim",1,"Corey Powell"
"solid",1,"Corey Powell"
"sound",1,"Corey Powell"
"spike",1,"Corey Powell"
"spooky",1,"Corey Powell"
"strict",1,"Corey Powell"
"strong",1,"Corey Powell"
"strongest",1,"Corey Powell"
"stylish",1,"Corey Powell"
"sudden",1,"Corey Powell"
"sunny",1,"Corey Powell"
"suspicious",1,"Corey Powell"
"sweet",1,"Corey Powell"
"terrific",1,"Corey Powell"
"terrifying",1,"Corey Powell"
"tight",1,"Corey Powell"
"tired",1,"Corey Powell"
"to<u+0096>",1,"Corey Powell"
"ugh",1,"Corey Powell"
"unfair",1,"Corey Powell"
"unusable",1,"Corey Powell"
"welcoming",1,"Corey Powell"
"whinny",1,"Corey Powell"
"wicked",1,"Corey Powell"
"wild",1,"Corey Powell"
"worse",1,"Corey Powell"
"worst",1,"Corey Powell"
"wrong",1,"Corey Powell"
"common",13,"Kevin Lappin"
"honest",10,"Kevin Lappin"
"ancient",4,"Kevin Lappin"
"dread",4,"Kevin Lappin"
"lucky",4,"Kevin Lappin"
"ridiculous",4,"Kevin Lappin"
"antique",3,"Kevin Lappin"
"antiquing",3,"Kevin Lappin"
"bad",3,"Kevin Lappin"
"black",3,"Kevin Lappin"
"blue",3,"Kevin Lappin"
"busy",3,"Kevin Lappin"
"exciting",3,"Kevin Lappin"
"funny",3,"Kevin Lappin"
"glad",3,"Kevin Lappin"
"hard",3,"Kevin Lappin"
"magic",3,"Kevin Lappin"
"pretty",3,"Kevin Lappin"
"adorable",2,"Kevin Lappin"
"awful",2,"Kevin Lappin"
"crazy",2,"Kevin Lappin"
"epic",2,"Kevin Lappin"
"excited",2,"Kevin Lappin"
"faint",2,"Kevin Lappin"
"feather",2,"Kevin Lappin"
"fine",2,"Kevin Lappin"
"grunting",2,"Kevin Lappin"
"happy",2,"Kevin Lappin"
"magical",2,"Kevin Lappin"
"nice",2,"Kevin Lappin"
"perfect",2,"Kevin Lappin"
"powerful",2,"Kevin Lappin"
"practical",2,"Kevin Lappin"
"ready",2,"Kevin Lappin"
"real",2,"Kevin Lappin"
"similar",2,"Kevin Lappin"
"strong",2,"Kevin Lappin"
"surprised",2,"Kevin Lappin"
"sweet",2,"Kevin Lappin"
"tough",2,"Kevin Lappin"
"true",2,"Kevin Lappin"
"uh",2,"Kevin Lappin"
"wonderful",2,"Kevin Lappin"
"wrong",2,"Kevin Lappin"
"<u+0096>",1,"Kevin Lappin"
"aggressive",1,"Kevin Lappin"
"angry",1,"Kevin Lappin"
"artistic",1,"Kevin Lappin"
"assertive",1,"Kevin Lappin"
"awesome",1,"Kevin Lappin"
"bangy",1,"Kevin Lappin"
"beneficial",1,"Kevin Lappin"
"blind",1,"Kevin Lappin"
"brave",1,"Kevin Lappin"
"burned",1,"Kevin Lappin"
"cancelled",1,"Kevin Lappin"
"central",1,"Kevin Lappin"
"challenging",1,"Kevin Lappin"
"chuckle",1,"Kevin Lappin"
"clop",1,"Kevin Lappin"
"closer",1,"Kevin Lappin"
"closest",1,"Kevin Lappin"
"cold",1,"Kevin Lappin"
"comfortable",1,"Kevin Lappin"
"complete",1,"Kevin Lappin"
"confused",1,"Kevin Lappin"
"consistent",1,"Kevin Lappin"
"cool",1,"Kevin Lappin"
"creative",1,"Kevin Lappin"
"crunchy",1,"Kevin Lappin"
"current",1,"Kevin Lappin"
"dangerous",1,"Kevin Lappin"
"delicate",1,"Kevin Lappin"
"delicious",1,"Kevin Lappin"
"depressing",1,"Kevin Lappin"
"difficult",1,"Kevin Lappin"
"distressed",1,"Kevin Lappin"
"easy",1,"Kevin Lappin"
"elder",1,"Kevin Lappin"
"enjoyable",1,"Kevin Lappin"
"entire",1,"Kevin Lappin"
"extra",1,"Kevin Lappin"
"extruded",1,"Kevin Lappin"
"fascinating",1,"Kevin Lappin"
"fearsome",1,"Kevin Lappin"
"final",1,"Kevin Lappin"
"fluent",1,"Kevin Lappin"
"fragile",1,"Kevin Lappin"
"fresh",1,"Kevin Lappin"
"fun",1,"Kevin Lappin"
"generous",1,"Kevin Lappin"
"gentler",1,"Kevin Lappin"
"genuine",1,"Kevin Lappin"
"ghastly",1,"Kevin Lappin"
"green",1,"Kevin Lappin"
"grumbling",1,"Kevin Lappin"
"harder",1,"Kevin Lappin"
"healthy",1,"Kevin Lappin"
"heated",1,"Kevin Lappin"
"helpful",1,"Kevin Lappin"
"historical",1,"Kevin Lappin"
"hot",1,"Kevin Lappin"
"huh",1,"Kevin Lappin"
"hurtful",1,"Kevin Lappin"
"iconic",1,"Kevin Lappin"
"igneous",1,"Kevin Lappin"
"impressed",1,"Kevin Lappin"
"improved",1,"Kevin Lappin"
"insensitive",1,"Kevin Lappin"
"intimidating",1,"Kevin Lappin"
"lame",1,"Kevin Lappin"
"lightest",1,"Kevin Lappin"
"lost",1,"Kevin Lappin"
"loud",1,"Kevin Lappin"
"loving",1,"Kevin Lappin"
"mad",1,"Kevin Lappin"
"maulwurf",1,"Kevin Lappin"
"natural",1,"Kevin Lappin"
"nicer",1,"Kevin Lappin"
"opposite",1,"Kevin Lappin"
"overwhelming",1,"Kevin Lappin"
"palominian",1,"Kevin Lappin"
"peaceful",1,"Kevin Lappin"
"personal",1,"Kevin Lappin"
"poor",1,"Kevin Lappin"
"pure",1,"Kevin Lappin"
"purple",1,"Kevin Lappin"
"quiet",1,"Kevin Lappin"
"rampaging",1,"Kevin Lappin"
"red",1,"Kevin Lappin"
"relaxing",1,"Kevin Lappin"
"reminiscent",1,"Kevin Lappin"
"rotten",1,"Kevin Lappin"
"safe",1,"Kevin Lappin"
"safer",1,"Kevin Lappin"
"scary",1,"Kevin Lappin"
"sedimentary",1,"Kevin Lappin"
"selfless",1,"Kevin Lappin"
"she<u+0097>",1,"Kevin Lappin"
"single",1,"Kevin Lappin"
"so<u+0097>",1,"Kevin Lappin"
"special",1,"Kevin Lappin"
"studious",1,"Kevin Lappin"
"stunning",1,"Kevin Lappin"
"super",1,"Kevin Lappin"
"surprising",1,"Kevin Lappin"
"tasteless",1,"Kevin Lappin"
"tattered",1,"Kevin Lappin"
"terrible",1,"Kevin Lappin"
"tougher",1,"Kevin Lappin"
"uncomfortable",1,"Kevin Lappin"
"unsure",1,"Kevin Lappin"
"warrior",1,"Kevin Lappin"
"weak",1,"Kevin Lappin"
"extra",10,"Lauren Faust"
"beautiful",9,"Lauren Faust"
"happy",5,"Lauren Faust"
"true",5,"Lauren Faust"
"wonderful",5,"Lauren Faust"
"busy",4,"Lauren Faust"
"elder",4,"Lauren Faust"
"poor",4,"Lauren Faust"
"sixth",4,"Lauren Faust"
"fluttershy",3,"Lauren Faust"
"green",3,"Lauren Faust"
"quick",3,"Lauren Faust"
"amazing",2,"Lauren Faust"
"ancient",2,"Lauren Faust"
"awful",2,"Lauren Faust"
"bad",2,"Lauren Faust"
"beloved",2,"Lauren Faust"
"careful",2,"Lauren Faust"
"complete",2,"Lauren Faust"
"cute",2,"Lauren Faust"
"eternal",2,"Lauren Faust"
"exciting",2,"Lauren Faust"
"fine",2,"Lauren Faust"
"imperative",2,"Lauren Faust"
"nice",2,"Lauren Faust"
"ow",2,"Lauren Faust"
"pink",2,"Lauren Faust"
"purple",2,"Lauren Faust"
"ready",2,"Lauren Faust"
"royal",2,"Lauren Faust"
"safe",2,"Lauren Faust"
"afraid",1,"Lauren Faust"
"afternoon<u+0097>",1,"Lauren Faust"
"bright",1,"Lauren Faust"
"calm",1,"Lauren Faust"
"clearer",1,"Lauren Faust"
"coiffed",1,"Lauren Faust"
"cold",1,"Lauren Faust"
"creepy",1,"Lauren Faust"
"daisy",1,"Lauren Faust"
"delicious",1,"Lauren Faust"
"dry",1,"Lauren Faust"
"easy",1,"Lauren Faust"
"eldest",1,"Lauren Faust"
"empty",1,"Lauren Faust"
"entire",1,"Lauren Faust"
"excited<u+0097>",1,"Lauren Faust"
"expertly",1,"Lauren Faust"
"fabulous",1,"Lauren Faust"
"fantabulous",1,"Lauren Faust"
"fateful",1,"Lauren Faust"
"favorite",1,"Lauren Faust"
"final",1,"Lauren Faust"
"flat",1,"Lauren Faust"
"fragrant",1,"Lauren Faust"
"generous",1,"Lauren Faust"
"ginormous",1,"Lauren Faust"
"girly",1,"Lauren Faust"
"glad",1,"Lauren Faust"
"grand",1,"Lauren Faust"
"grateful",1,"Lauren Faust"
"hard",1,"Lauren Faust"
"hind",1,"Lauren Faust"
"hmph",1,"Lauren Faust"
"honest",1,"Lauren Faust"
"hot",1,"Lauren Faust"
"humongous",1,"Lauren Faust"
"hungry",1,"Lauren Faust"
"icky",1,"Lauren Faust"
"incredible",1,"Lauren Faust"
"late",1,"Lauren Faust"
"left",1,"Lauren Faust"
"light",1,"Lauren Faust"
"lonely",1,"Lauren Faust"
"lovely",1,"Lauren Faust"
"magic",1,"Lauren Faust"
"magical",1,"Lauren Faust"
"mine",1,"Lauren Faust"
"mysterious",1,"Lauren Faust"
"natural",1,"Lauren Faust"
"ol",1,"Lauren Faust"
"perfect",1,"Lauren Faust"
"powerful",1,"Lauren Faust"
"precious",1,"Lauren Faust"
"private",1,"Lauren Faust"
"quiet",1,"Lauren Faust"
"real",1,"Lauren Faust"
"reasonable",1,"Lauren Faust"
"red",1,"Lauren Faust"
"regal",1,"Lauren Faust"
"resentful",1,"Lauren Faust"
"ridiculous",1,"Lauren Faust"
"routine",1,"Lauren Faust"
"sad",1,"Lauren Faust"
"short",1,"Lauren Faust"
"smartest",1,"Lauren Faust"
"sophisticated",1,"Lauren Faust"
"sparkle<u+0097>",1,"Lauren Faust"
"special",1,"Lauren Faust"
"spectacular",1,"Lauren Faust"
"sunny",1,"Lauren Faust"
"surprised",1,"Lauren Faust"
"sweepy",1,"Lauren Faust"
"tacky",1,"Lauren Faust"
"talented",1,"Lauren Faust"
"thousandth",1,"Lauren Faust"
"to<u+0097>",1,"Lauren Faust"
"tremendous",1,"Lauren Faust"
"uncorrected",1,"Lauren Faust"
"unfair",1,"Lauren Faust"
"unicorn",1,"Lauren Faust"
"west",1,"Lauren Faust"
"wicked",1,"Lauren Faust"
"wild",1,"Lauren Faust"
"wise",1,"Lauren Faust"
"wondrous",1,"Lauren Faust"
"wrong",1,"Lauren Faust"
"yellow",1,"Lauren Faust"
"bad",8,"Scott Sonneborn"
"real",8,"Scott Sonneborn"
"fair",7,"Scott Sonneborn"
"true",7,"Scott Sonneborn"
"glad",6,"Scott Sonneborn"
"happy",6,"Scott Sonneborn"
"special",6,"Scott Sonneborn"
"valuable",6,"Scott Sonneborn"
"unique",5,"Scott Sonneborn"
"antique",4,"Scott Sonneborn"
"blue",4,"Scott Sonneborn"
"crazy",4,"Scott Sonneborn"
"dangerous",4,"Scott Sonneborn"
"divine",4,"Scott Sonneborn"
"fine",4,"Scott Sonneborn"
"pleasant",4,"Scott Sonneborn"
"worse",4,"Scott Sonneborn"
"wrong",4,"Scott Sonneborn"
"afraid",3,"Scott Sonneborn"
"amazing",3,"Scott Sonneborn"
"entire",3,"Scott Sonneborn"
"equal",3,"Scott Sonneborn"
"loudspeaker",3,"Scott Sonneborn"
"lovely",3,"Scott Sonneborn"
"nice",3,"Scott Sonneborn"
"normal",3,"Scott Sonneborn"
"perfect",3,"Scott Sonneborn"
"powerful",3,"Scott Sonneborn"
"ready",3,"Scott Sonneborn"
"terrible",3,"Scott Sonneborn"
"worth",3,"Scott Sonneborn"
"ancient",2,"Scott Sonneborn"
"avant",2,"Scott Sonneborn"
"beautiful",2,"Scott Sonneborn"
"brilliant",2,"Scott Sonneborn"
"busy",2,"Scott Sonneborn"
"charming",2,"Scott Sonneborn"
"delighted",2,"Scott Sonneborn"
"dented",2,"Scott Sonneborn"
"evil",2,"Scott Sonneborn"
"fluttershy",2,"Scott Sonneborn"
"free",2,"Scott Sonneborn"
"hard",2,"Scott Sonneborn"
"hoof",2,"Scott Sonneborn"
"horrific",2,"Scott Sonneborn"
"hot",2,"Scott Sonneborn"
"huge",2,"Scott Sonneborn"
"hungry",2,"Scott Sonneborn"
"incredible",2,"Scott Sonneborn"
"infect",2,"Scott Sonneborn"
"official",2,"Scott Sonneborn"
"ordinary",2,"Scott Sonneborn"
"quick",2,"Scott Sonneborn"
"royal",2,"Scott Sonneborn"
"rude",2,"Scott Sonneborn"
"rusty",2,"Scott Sonneborn"
"safe",2,"Scott Sonneborn"
"strong",2,"Scott Sonneborn"
"sweet",2,"Scott Sonneborn"
"funny",11,"Neal Dusedau"
"glad",6,"Neal Dusedau"
"bad",4,"Neal Dusedau"
"busy",4,"Neal Dusedau"
"extra",4,"Neal Dusedau"
"honest",4,"Neal Dusedau"
"ready",4,"Neal Dusedau"
"relaxing",4,"Neal Dusedau"
"special",4,"Neal Dusedau"
"fine",3,"Neal Dusedau"
"hilarious",3,"Neal Dusedau"
"hot",3,"Neal Dusedau"
"jealous",3,"Neal Dusedau"
"main",3,"Neal Dusedau"
"warm",3,"Neal Dusedau"
"worse",3,"Neal Dusedau"
"wrong",3,"Neal Dusedau"
"beautiful",2,"Neal Dusedau"
"cold",2,"Neal Dusedau"
"fresh",2,"Neal Dusedau"
"happy",2,"Neal Dusedau"
"hard",2,"Neal Dusedau"
"lovely",2,"Neal Dusedau"
"lucky",2,"Neal Dusedau"
"pampered",2,"Neal Dusedau"
"perfect",2,"Neal Dusedau"
"straight",2,"Neal Dusedau"
"strange",2,"Neal Dusedau"
"terrible",2,"Neal Dusedau"
"unique",2,"Neal Dusedau"
"usual",2,"Neal Dusedau"
"wonderful",2,"Neal Dusedau"
"angry",1,"Neal Dusedau"
"awake",1,"Neal Dusedau"
"awful",1,"Neal Dusedau"
"bright",1,"Neal Dusedau"
"brilliant",1,"Neal Dusedau"
"capable",1,"Neal Dusedau"
"complete",1,"Neal Dusedau"
"crazy",1,"Neal Dusedau"
"deadly",1,"Neal Dusedau"
"deep",1,"Neal Dusedau"
"diplomatic",1,"Neal Dusedau"
"dirty",1,"Neal Dusedau"
"distinguished",1,"Neal Dusedau"
"earlier",1,"Neal Dusedau"
"easier",1,"Neal Dusedau"
"easy",1,"Neal Dusedau"
"empty",1,"Neal Dusedau"
"evil",1,"Neal Dusedau"
"excited",1,"Neal Dusedau"
"exhaustive",1,"Neal Dusedau"
"fair",1,"Neal Dusedau"
"fair<u+0097>",1,"Neal Dusedau"
"faithful",1,"Neal Dusedau"
"favorite",1,"Neal Dusedau"
"glorious",1,"Neal Dusedau"
"glum",1,"Neal Dusedau"
"gritted",1,"Neal Dusedau"
"hasty",1,"Neal Dusedau"
"horrible",1,"Neal Dusedau"
"huge",1,"Neal Dusedau"
"impossible",1,"Neal Dusedau"
"inside",1,"Neal Dusedau"
"integral",1,"Neal Dusedau"
"just<u+0097>",1,"Neal Dusedau"
"largest",1,"Neal Dusedau"
"lasting",1,"Neal Dusedau"
"local",1,"Neal Dusedau"
"loud",1,"Neal Dusedau"
"magical",1,"Neal Dusedau"
"microscopic",1,"Neal Dusedau"
"minuscule",1,"Neal Dusedau"
"momentous",1,"Neal Dusedau"
"nasty",1,"Neal Dusedau"
"nice",1,"Neal Dusedau"
"obvious",1,"Neal Dusedau"
"pal",1,"Neal Dusedau"
"past",1,"Neal Dusedau"
"pretty",1,"Neal Dusedau"
"previous",1,"Neal Dusedau"
"productive",1,"Neal Dusedau"
"proud",1,"Neal Dusedau"
"public",1,"Neal Dusedau"
"quick",1,"Neal Dusedau"
"quiet",1,"Neal Dusedau"
"random",1,"Neal Dusedau"
"real",1,"Neal Dusedau"
"red",1,"Neal Dusedau"
"ridiculous",1,"Neal Dusedau"
"sabbatical",1,"Neal Dusedau"
"safe",1,"Neal Dusedau"
"sanitary",1,"Neal Dusedau"
"short",1,"Neal Dusedau"
"simplest",1,"Neal Dusedau"
"single",1,"Neal Dusedau"
"sleepless",1,"Neal Dusedau"
"smooth",1,"Neal Dusedau"
"specific",1,"Neal Dusedau"
"stubborn",1,"Neal Dusedau"
"super",1,"Neal Dusedau"
"tiny",1,"Neal Dusedau"
"total",1,"Neal Dusedau"
"unexpected",1,"Neal Dusedau"
"unhappy",1,"Neal Dusedau"
"uninterrupted",1,"Neal Dusedau"
"unsuccessful",1,"Neal Dusedau"
"valuable",1,"Neal Dusedau"
"vas",1,"Neal Dusedau"
"ve",1,"Neal Dusedau"
"weird",1,"Neal Dusedau"
"wise",1,"Neal Dusedau"
"worried",1,"Neal Dusedau"
"worth",1,"Neal Dusedau"
"yellow",1,"Neal Dusedau"
"awesome",11,"Dave Rapp"
"crazy",7,"Dave Rapp"
"ready",7,"Dave Rapp"
"wrong",6,"Dave Rapp"
"hard",5,"Dave Rapp"
"sick",5,"Dave Rapp"
"tough",5,"Dave Rapp"
"amazing",4,"Dave Rapp"
"bad",4,"Dave Rapp"
"excited",4,"Dave Rapp"
"favorite",4,"Dave Rapp"
"glad",4,"Dave Rapp"
"quiet",4,"Dave Rapp"
"busy",3,"Dave Rapp"
"extra",3,"Dave Rapp"
"fine",3,"Dave Rapp"
"groan",3,"Dave Rapp"
"official",3,"Dave Rapp"
"perfect",3,"Dave Rapp"
"proud",3,"Dave Rapp"
"real",3,"Dave Rapp"
"special",3,"Dave Rapp"
"terrible",3,"Dave Rapp"
"worse",3,"Dave Rapp"
"worst",3,"Dave Rapp"
"awful",2,"Dave Rapp"
"contagious",2,"Dave Rapp"
"cool",2,"Dave Rapp"
"darn",2,"Dave Rapp"
"easy",2,"Dave Rapp"
"excellent",2,"Dave Rapp"
"fair",2,"Dave Rapp"
"fluttershy",2,"Dave Rapp"
"funny",2,"Dave Rapp"
"historical",2,"Dave Rapp"
"incredible",2,"Dave Rapp"
"late",2,"Dave Rapp"
"loudhailer",2,"Dave Rapp"
"lovely",2,"Dave Rapp"
"mane",2,"Dave Rapp"
"nice",2,"Dave Rapp"
"original",2,"Dave Rapp"
"simple",2,"Dave Rapp"
"super",2,"Dave Rapp"
"tall",2,"Dave Rapp"
"true",2,"Dave Rapp"
"wonderbolt",2,"Dave Rapp"
"zap",2,"Dave Rapp"
"actual",1,"Dave Rapp"
"alert",1,"Dave Rapp"
"ancient",1,"Dave Rapp"
"basic",1,"Dave Rapp"
"beautiful",1,"Dave Rapp"
"bestest",1,"Dave Rapp"
"bigger",1,"Dave Rapp"
"bo<u+0097>",1,"Dave Rapp"
"bold",1,"Dave Rapp"
"boring",1,"Dave Rapp"
"brawn",1,"Dave Rapp"
"bright",1,"Dave Rapp"
"challenging",1,"Dave Rapp"
"clean",1,"Dave Rapp"
"closer",1,"Dave Rapp"
"convinced",1,"Dave Rapp"
"darkest",1,"Dave Rapp"
"dear",1,"Dave Rapp"
"decent",1,"Dave Rapp"
"difficult",1,"Dave Rapp"
"dihedral",1,"Dave Rapp"
"dramatic",1,"Dave Rapp"
"dreadful",1,"Dave Rapp"
"embarrassed",1,"Dave Rapp"
"expert",1,"Dave Rapp"
"fantastic",1,"Dave Rapp"
"finish",1,"Dave Rapp"
"flashy",1,"Dave Rapp"
"free",1,"Dave Rapp"
"frilly",1,"Dave Rapp"
"genetic",1,"Dave Rapp"
"giant",1,"Dave Rapp"
"grateful",1,"Dave Rapp"
"gritted",1,"Dave Rapp"
"growl",1,"Dave Rapp"
"grown",1,"Dave Rapp"
"handsome",1,"Dave Rapp"
"happy",1,"Dave Rapp"
"hardest",1,"Dave Rapp"
"helpful",1,"Dave Rapp"
"honest",1,"Dave Rapp"
"horned",1,"Dave Rapp"
"horrible",1,"Dave Rapp"
"huh",1,"Dave Rapp"
"insane",1,"Dave Rapp"
"lifelong",1,"Dave Rapp"
"limp",1,"Dave Rapp"
"loudspeaker",1,"Dave Rapp"
"magic",1,"Dave Rapp"
"mine",1,"Dave Rapp"
"muffled",1,"Dave Rapp"
"nasty",1,"Dave Rapp"
"natural",1,"Dave Rapp"
"neigh",1,"Dave Rapp"
"nervous",1,"Dave Rapp"
"political",1,"Dave Rapp"
"positive",1,"Dave Rapp"
"private",1,"Dave Rapp"
"quaint",1,"Dave Rapp"
"rash",1,"Dave Rapp"
"reasonable",1,"Dave Rapp"
"red",1,"Dave Rapp"
"regular",1,"Dave Rapp"
"required",1,"Dave Rapp"
"resilient",1,"Dave Rapp"
"rich",1,"Dave Rapp"
"rid",1,"Dave Rapp"
"ridiculous",1,"Dave Rapp"
"rotten",1,"Dave Rapp"
"rough",1,"Dave Rapp"
"rude",1,"Dave Rapp"
"safe",1,"Dave Rapp"
"smart",1,"Dave Rapp"
"sonic",1,"Dave Rapp"
"sparkle",1,"Dave Rapp"
"speedy",1,"Dave Rapp"
"square",1,"Dave Rapp"
"stiff",1,"Dave Rapp"
"straightforward",1,"Dave Rapp"
"supportive",1,"Dave Rapp"
"sweet",1,"Dave Rapp"
"talented",1,"Dave Rapp"
"this<u+0097>",1,"Dave Rapp"
"threatened",1,"Dave Rapp"
"total",1,"Dave Rapp"
"unannounced",1,"Dave Rapp"
"unforgettable",1,"Dave Rapp"
"unmanageable",1,"Dave Rapp"
"usual",1,"Dave Rapp"
"worried",1,"Dave Rapp"
"traditional",10,"Ed Valentine"
"creative",9,"Ed Valentine"
"fastest",9,"Ed Valentine"
"perfect",9,"Ed Valentine"
"sick",7,"Ed Valentine"
"special",7,"Ed Valentine"
"wonderful",7,"Ed Valentine"
"hard",6,"Ed Valentine"
"<u+0096>",5,"Ed Valentine"
"amazing",5,"Ed Valentine"
"awesome",5,"Ed Valentine"
"impossible",5,"Ed Valentine"
"lucky",4,"Ed Valentine"
"ready",4,"Ed Valentine"
"real",4,"Ed Valentine"
"wrong",4,"Ed Valentine"
"cool",3,"Ed Valentine"
"dear",3,"Ed Valentine"
"fine",3,"Ed Valentine"
"glad",3,"Ed Valentine"
"honest",3,"Ed Valentine"
"obvious",3,"Ed Valentine"
"yellow",3,"Ed Valentine"
"acceptable",2,"Ed Valentine"
"bad",2,"Ed Valentine"
"biggest",2,"Ed Valentine"
"blue",2,"Ed Valentine"
"bold",2,"Ed Valentine"
"boldest",2,"Ed Valentine"
"cranky",2,"Ed Valentine"
"darling",2,"Ed Valentine"
"excited",2,"Ed Valentine"
"fake",2,"Ed Valentine"
"fantastic",2,"Ed Valentine"
"final",2,"Ed Valentine"
"helpless",2,"Ed Valentine"
"hungry",2,"Ed Valentine"
"impressive",2,"Ed Valentine"
"incredible",2,"Ed Valentine"
"lovely",2,"Ed Valentine"
"magical",2,"Ed Valentine"
"modern",2,"Ed Valentine"
"nervous",2,"Ed Valentine"
"nice",2,"Ed Valentine"
"proud",2,"Ed Valentine"
"rare",2,"Ed Valentine"
"sweet",2,"Ed Valentine"
"tired",2,"Ed Valentine"
"true",2,"Ed Valentine"
"weak",2,"Ed Valentine"
"bad",7,"Jayson Thiessen"
"amazing",5,"Jayson Thiessen"
"hard",5,"Jayson Thiessen"
"nervous",5,"Jayson Thiessen"
"perfect",5,"Jayson Thiessen"
"ready",5,"Jayson Thiessen"
"special",5,"Jayson Thiessen"
"super",5,"Jayson Thiessen"
"mad",4,"Jayson Thiessen"
"powerful",4,"Jayson Thiessen"
"real",4,"Jayson Thiessen"
"wrong",4,"Jayson Thiessen"
"afraid",3,"Jayson Thiessen"
"beautiful",3,"Jayson Thiessen"
"blue",3,"Jayson Thiessen"
"duper",3,"Jayson Thiessen"
"fine",3,"Jayson Thiessen"
"late",3,"Jayson Thiessen"
"main",3,"Jayson Thiessen"
"pretty",3,"Jayson Thiessen"
"strong",3,"Jayson Thiessen"
"yak",3,"Jayson Thiessen"
"avant",2,"Jayson Thiessen"
"awful",2,"Jayson Thiessen"
"boneless",2,"Jayson Thiessen"
"calm",2,"Jayson Thiessen"
"certified",2,"Jayson Thiessen"
"cheesy",2,"Jayson Thiessen"
"dandy",2,"Jayson Thiessen"
"divine",2,"Jayson Thiessen"
"funny",2,"Jayson Thiessen"
"glad",2,"Jayson Thiessen"
"happy",2,"Jayson Thiessen"
"honest",2,"Jayson Thiessen"
"infect",2,"Jayson Thiessen"
"lucky",2,"Jayson Thiessen"
"nice",2,"Jayson Thiessen"
"noble",2,"Jayson Thiessen"
"northern",2,"Jayson Thiessen"
"quick",2,"Jayson Thiessen"
"terrible",2,"Jayson Thiessen"
"traditional",2,"Jayson Thiessen"
"true",2,"Jayson Thiessen"
"unique",2,"Jayson Thiessen"
"warm",2,"Jayson Thiessen"
"wonderful",2,"Jayson Thiessen"
"worse",2,"Jayson Thiessen"
"worth",2,"Jayson Thiessen"
"absolute",1,"Jayson Thiessen"
"angry",1,"Jayson Thiessen"
"authentic",1,"Jayson Thiessen"
"awake",1,"Jayson Thiessen"
"awesome",1,"Jayson Thiessen"
"bigger",1,"Jayson Thiessen"
"biggest",1,"Jayson Thiessen"
"busy",1,"Jayson Thiessen"
"closed",1,"Jayson Thiessen"
"cold",1,"Jayson Thiessen"
"complete",1,"Jayson Thiessen"
"cool",1,"Jayson Thiessen"
"corrupt",1,"Jayson Thiessen"
"crazy",1,"Jayson Thiessen"
"diplomatic",1,"Jayson Thiessen"
"distinguished",1,"Jayson Thiessen"
"easy",1,"Jayson Thiessen"
"endless",1,"Jayson Thiessen"
"evil",1,"Jayson Thiessen"
"fair",1,"Jayson Thiessen"
"fair<u+0097>",1,"Jayson Thiessen"
"faithful",1,"Jayson Thiessen"
"familiar",1,"Jayson Thiessen"
"fantabulous",1,"Jayson Thiessen"
"favorite",1,"Jayson Thiessen"
"fiftieth",1,"Jayson Thiessen"
"finer",1,"Jayson Thiessen"
"free",1,"Jayson Thiessen"
"frown",1,"Jayson Thiessen"
"funnest",1,"Jayson Thiessen"
"funnier",1,"Jayson Thiessen"
"fuzzy",1,"Jayson Thiessen"
"giant",1,"Jayson Thiessen"
"goof",1,"Jayson Thiessen"
"gritted",1,"Jayson Thiessen"
"hasty",1,"Jayson Thiessen"
"heavy",1,"Jayson Thiessen"
"horrible",1,"Jayson Thiessen"
"hungry",1,"Jayson Thiessen"
"impressed",1,"Jayson Thiessen"
"just<u+0097>",1,"Jayson Thiessen"
"largest",1,"Jayson Thiessen"
"local",1,"Jayson Thiessen"
"magical",1,"Jayson Thiessen"
"massive",1,"Jayson Thiessen"
"nasty",1,"Jayson Thiessen"
"normal",1,"Jayson Thiessen"
"official",1,"Jayson Thiessen"
"organized",1,"Jayson Thiessen"
"pal",1,"Jayson Thiessen"
"premiere",1,"Jayson Thiessen"
"proud",1,"Jayson Thiessen"
"public",1,"Jayson Thiessen"
"quiet",1,"Jayson Thiessen"
"random",1,"Jayson Thiessen"
"rare",1,"Jayson Thiessen"
"red",1,"Jayson Thiessen"
"responsible",1,"Jayson Thiessen"
"saying<u+0097>",1,"Jayson Thiessen"
"secret",1,"Jayson Thiessen"
"sensitive",1,"Jayson Thiessen"
"sleepless",1,"Jayson Thiessen"
"smooth",1,"Jayson Thiessen"
"straight",1,"Jayson Thiessen"
"superbial",1,"Jayson Thiessen"
"superior",1,"Jayson Thiessen"
"sweet",1,"Jayson Thiessen"
"tense",1,"Jayson Thiessen"
"tired",1,"Jayson Thiessen"
"tougher",1,"Jayson Thiessen"
"tricky",1,"Jayson Thiessen"
"unexpected",1,"Jayson Thiessen"
"unhappy",1,"Jayson Thiessen"
"waking",1,"Jayson Thiessen"
"wise",1,"Jayson Thiessen"
"worried",1,"Jayson Thiessen"
"worst",1,"Jayson Thiessen"
"yakyakistan",1,"Jayson Thiessen"
"bad",7,"Jim Miller"
"nervous",5,"Jim Miller"
"hard",4,"Jim Miller"
"mad",4,"Jim Miller"
"perfect",4,"Jim Miller"
"powerful",4,"Jim Miller"
"real",4,"Jim Miller"
"special",4,"Jim Miller"
"wrong",4,"Jim Miller"
"afraid",3,"Jim Miller"
"amazing",3,"Jim Miller"
"beautiful",3,"Jim Miller"
"blue",3,"Jim Miller"
"fine",3,"Jim Miller"
"late",3,"Jim Miller"
"main",3,"Jim Miller"
"pretty",3,"Jim Miller"
"strong",3,"Jim Miller"
"yak",3,"Jim Miller"
"avant",2,"Jim Miller"
"awful",2,"Jim Miller"
"calm",2,"Jim Miller"
"dandy",2,"Jim Miller"
"funny",2,"Jim Miller"
"glad",2,"Jim Miller"
"happy",2,"Jim Miller"
"honest",2,"Jim Miller"
"infect",2,"Jim Miller"
"noble",2,"Jim Miller"
"northern",2,"Jim Miller"
"quick",2,"Jim Miller"
"terrible",2,"Jim Miller"
"traditional",2,"Jim Miller"
"true",2,"Jim Miller"
"unique",2,"Jim Miller"
"wonderful",2,"Jim Miller"
"worse",2,"Jim Miller"
"worth",2,"Jim Miller"
"absolute",1,"Jim Miller"
"angry",1,"Jim Miller"
"authentic",1,"Jim Miller"
"awake",1,"Jim Miller"
"bigger",1,"Jim Miller"
"busy",1,"Jim Miller"
"closed",1,"Jim Miller"
"cold",1,"Jim Miller"
"complete",1,"Jim Miller"
"cool",1,"Jim Miller"
"corrupt",1,"Jim Miller"
"crazy",1,"Jim Miller"
"diplomatic",1,"Jim Miller"
"distinguished",1,"Jim Miller"
"divine",1,"Jim Miller"
"easy",1,"Jim Miller"
"endless",1,"Jim Miller"
"evil",1,"Jim Miller"
"fair",1,"Jim Miller"
"fair<u+0097>",1,"Jim Miller"
"faithful",1,"Jim Miller"
"familiar",1,"Jim Miller"
"favorite",1,"Jim Miller"
"fiftieth",1,"Jim Miller"
"finer",1,"Jim Miller"
"frown",1,"Jim Miller"
"giant",1,"Jim Miller"
"gritted",1,"Jim Miller"
"hasty",1,"Jim Miller"
"heavy",1,"Jim Miller"
"horrible",1,"Jim Miller"
"hungry",1,"Jim Miller"
"impressed",1,"Jim Miller"
"just<u+0097>",1,"Jim Miller"
"largest",1,"Jim Miller"
"local",1,"Jim Miller"
"lucky",1,"Jim Miller"
"magical",1,"Jim Miller"
"massive",1,"Jim Miller"
"nasty",1,"Jim Miller"
"nice",1,"Jim Miller"
"normal",1,"Jim Miller"
"organized",1,"Jim Miller"
"pal",1,"Jim Miller"
"proud",1,"Jim Miller"
"public",1,"Jim Miller"
"quiet",1,"Jim Miller"
"random",1,"Jim Miller"
"rare",1,"Jim Miller"
"ready",1,"Jim Miller"
"red",1,"Jim Miller"
"responsible",1,"Jim Miller"
"saying<u+0097>",1,"Jim Miller"
"secret",1,"Jim Miller"
"sensitive",1,"Jim Miller"
"sleepless",1,"Jim Miller"
"smooth",1,"Jim Miller"
"straight",1,"Jim Miller"
"tired",1,"Jim Miller"
"tougher",1,"Jim Miller"
"tricky",1,"Jim Miller"
"unexpected",1,"Jim Miller"
"unhappy",1,"Jim Miller"
"waking",1,"Jim Miller"
"warm",1,"Jim Miller"
"wise",1,"Jim Miller"
"worried",1,"Jim Miller"
"worst",1,"Jim Miller"
"yakyakistan",1,"Jim Miller"
"nice",19,"Joanna Lewis"
"hard",15,"Joanna Lewis"
"wrong",15,"Joanna Lewis"
"ready",13,"Joanna Lewis"
"amazing",11,"Joanna Lewis"
"strong",11,"Joanna Lewis"
"easy",10,"Joanna Lewis"
"glad",9,"Joanna Lewis"
"mad",9,"Joanna Lewis"
"pear",9,"Joanna Lewis"
"real",8,"Joanna Lewis"
"terrible",8,"Joanna Lewis"
"awesome",7,"Joanna Lewis"
"perfect",7,"Joanna Lewis"
"wonderful",7,"Joanna Lewis"
"bad",6,"Joanna Lewis"
"exciting",6,"Joanna Lewis"
"powerful",6,"Joanna Lewis"
"proud",6,"Joanna Lewis"
"royal",6,"Joanna Lewis"
"special",6,"Joanna Lewis"
"beautiful",5,"Joanna Lewis"
"busy",5,"Joanna Lewis"
"favorite",5,"Joanna Lewis"
"fine",5,"Joanna Lewis"
"fluttershy",5,"Joanna Lewis"
"lovely",5,"Joanna Lewis"
"magical",5,"Joanna Lewis"
"afraid",4,"Joanna Lewis"
"basic",4,"Joanna Lewis"
"cold",4,"Joanna Lewis"
"dangerous",4,"Joanna Lewis"
"deep",4,"Joanna Lewis"
"happy",4,"Joanna Lewis"
"lucky",4,"Joanna Lewis"
"prepared",4,"Joanna Lewis"
"sick",4,"Joanna Lewis"
"stronger",4,"Joanna Lewis"
"super",4,"Joanna Lewis"
"sweet",4,"Joanna Lewis"
"<u+0096>",3,"Joanna Lewis"
"angry",3,"Joanna Lewis"
"backup",3,"Joanna Lewis"
"brave",3,"Joanna Lewis"
"crazy",3,"Joanna Lewis"
"dear",3,"Joanna Lewis"
"delicious",3,"Joanna Lewis"
"empty",3,"Joanna Lewis"
"fastest",3,"Joanna Lewis"
"helpful",3,"Joanna Lewis"
"honest",3,"Joanna Lewis"
"impossible",3,"Joanna Lewis"
"impressive",3,"Joanna Lewis"
"loud",3,"Joanna Lewis"
"nervous",3,"Joanna Lewis"
"potential",3,"Joanna Lewis"
"promising",3,"Joanna Lewis"
"safe",3,"Joanna Lewis"
"tiny",3,"Joanna Lewis"
"true",3,"Joanna Lewis"
"worst",3,"Joanna Lewis"
"perfect",22,"Fox"
"happy",10,"Fox"
"favorite",8,"Fox"
"bad",7,"Fox"
"comfortable",7,"Fox"
"normal",7,"Fox"
"lovely",6,"Fox"
"ready",6,"Fox"
"wonderful",6,"Fox"
"busy",5,"Fox"
"extra",5,"Fox"
"fine",5,"Fox"
"fluttershy",5,"Fox"
"glad",5,"Fox"
"nice",5,"Fox"
"silly",5,"Fox"
"worse",5,"Fox"
"amazing",4,"Fox"
"chaotic",4,"Fox"
"green",4,"Fox"
"hard",4,"Fox"
"hot",4,"Fox"
"low",4,"Fox"
"wrong",4,"Fox"
"adorable",3,"Fox"
"bigger",3,"Fox"
"common",3,"Fox"
"dear",3,"Fox"
"elegant",3,"Fox"
"funny",3,"Fox"
"proud",3,"Fox"
"quick",3,"Fox"
"special",3,"Fox"
"supportive",3,"Fox"
"true",3,"Fox"
"afraid",2,"Fox"
"breathtaking",2,"Fox"
"cold",2,"Fox"
"delectable",2,"Fox"
"delicious",2,"Fox"
"dreadful",2,"Fox"
"easier",2,"Fox"
"easy",2,"Fox"
"fresh",2,"Fox"
"funnest",2,"Fox"
"impossible",2,"Fox"
"incredible",2,"Fox"
"luxurious",2,"Fox"
"pampered",2,"Fox"
"pleased",2,"Fox"
"poor",2,"Fox"
"real",2,"Fox"
"relaxing",2,"Fox"
"safe",2,"Fox"
"satisfied",2,"Fox"
"spectacular",2,"Fox"
"sudden",2,"Fox"
"super",2,"Fox"
"sweet",2,"Fox"
"sweetest",2,"Fox"
"usual",2,"Fox"
"warm",2,"Fox"
"weird",2,"Fox"
"worth",2,"Fox"
"yovidaphone",2,"Fox"
"loudspeaker",9,"Kevin Burke"
"bad",6,"Kevin Burke"
"true",6,"Kevin Burke"
"evil",4,"Kevin Burke"
"perfect",4,"Kevin Burke"
"common",3,"Kevin Burke"
"crystal",3,"Kevin Burke"
"entertaining",3,"Kevin Burke"
"nice",3,"Kevin Burke"
"pink",3,"Kevin Burke"
"royal",3,"Kevin Burke"
"safe",3,"Kevin Burke"
"silly",3,"Kevin Burke"
"worse",3,"Kevin Burke"
"adorable",2,"Kevin Burke"
"brave",2,"Kevin Burke"
"crazy",2,"Kevin Burke"
"easy",2,"Kevin Burke"
"elegant",2,"Kevin Burke"
"familiar",2,"Kevin Burke"
"fine",2,"Kevin Burke"
"funnest",2,"Kevin Burke"
"glad",2,"Kevin Burke"
"gladmane",2,"Kevin Burke"
"glorious",2,"Kevin Burke"
"humble",2,"Kevin Burke"
"loud",2,"Kevin Burke"
"luxurious",2,"Kevin Burke"
"overwhelming",2,"Kevin Burke"
"ready",2,"Kevin Burke"
"real",2,"Kevin Burke"
"rich",2,"Kevin Burke"
"wrong",2,"Kevin Burke"
"<u+0096>",1,"Kevin Burke"
"absolute",1,"Kevin Burke"
"actual",1,"Kevin Burke"
"afraid",1,"Kevin Burke"
"amazing",1,"Kevin Burke"
"astounding",1,"Kevin Burke"
"bigger",1,"Kevin Burke"
"busy",1,"Kevin Burke"
"colorful",1,"Kevin Burke"
"compassionate",1,"Kevin Burke"
"cucumber",1,"Kevin Burke"
"dangerous",1,"Kevin Burke"
"darling",1,"Kevin Burke"
"dear",1,"Kevin Burke"
"delectable",1,"Kevin Burke"
"difficult",1,"Kevin Burke"
"disastrous",1,"Kevin Burke"
"eager",1,"Kevin Burke"
"embarrassing",1,"Kevin Burke"
"entire",1,"Kevin Burke"
"exact",1,"Kevin Burke"
"excellent",1,"Kevin Burke"
"exotic",1,"Kevin Burke"
"extra",1,"Kevin Burke"
"extraordinary",1,"Kevin Burke"
"fair",1,"Kevin Burke"
"fake",1,"Kevin Burke"
"fancy",1,"Kevin Burke"
"fluttershy",1,"Kevin Burke"
"funny",1,"Kevin Burke"
"gentle",1,"Kevin Burke"
"genuine",1,"Kevin Burke"
"giant",1,"Kevin Burke"
"grand",1,"Kevin Burke"
"grunt",1,"Kevin Burke"
"half",1,"Kevin Burke"
"hard",1,"Kevin Burke"
"helpful",1,"Kevin Burke"
"honest",1,"Kevin Burke"
"hooked",1,"Kevin Burke"
"hungry",1,"Kevin Burke"
"impressive",1,"Kevin Burke"
"innocent",1,"Kevin Burke"
"just<u+0097>",1,"Kevin Burke"
"key",1,"Kevin Burke"
"marine",1,"Kevin Burke"
"nicest",1,"Kevin Burke"
"normal",1,"Kevin Burke"
"obnoxious",1,"Kevin Burke"
"odd",1,"Kevin Burke"
"pathetic",1,"Kevin Burke"
"perilous",1,"Kevin Burke"
"personal",1,"Kevin Burke"
"personalized",1,"Kevin Burke"
"pleasant",1,"Kevin Burke"
"posh",1,"Kevin Burke"
"proper",1,"Kevin Burke"
"proud",1,"Kevin Burke"
"quick",1,"Kevin Burke"
"resplendent",1,"Kevin Burke"
"responsible",1,"Kevin Burke"
"rid",1,"Kevin Burke"
"seafarer",1,"Kevin Burke"
"seaworthy",1,"Kevin Burke"
"sick",1,"Kevin Burke"
"silliest",1,"Kevin Burke"
"simple",1,"Kevin Burke"
"slippery",1,"Kevin Burke"
"smart",1,"Kevin Burke"
"snort",1,"Kevin Burke"
"strange",1,"Kevin Burke"
"surprising",1,"Kevin Burke"
"sweet",1,"Kevin Burke"
"tired",1,"Kevin Burke"
"total",1,"Kevin Burke"
"treacherous",1,"Kevin Burke"
"unexpected",1,"Kevin Burke"
"unfit",1,"Kevin Burke"
"unique",1,"Kevin Burke"
"upset",1,"Kevin Burke"
"wealthiest",1,"Kevin Burke"
"weird",1,"Kevin Burke"
"wet",1,"Kevin Burke"
"wild",1,"Kevin Burke"
